case_id,category,url,expected_label,expected_malicious,source
normal_001,normal,https://www.google.com/,safe,false,curated_popular_sites
normal_002,normal,https://www.youtube.com/,safe,false,curated_popular_sites
normal_003,normal,https://www.facebook.com/,safe,false,curated_popular_sites
normal_004,normal,https://www.instagram.com/,safe,false,curated_popular_sites
normal_005,normal,https://www.wikipedia.org/,safe,false,curated_popular_sites
normal_006,normal,https://www.reddit.com/,safe,false,curated_popular_sites
normal_007,normal,https://www.amazon.com/,safe,false,curated_popular_sites
normal_008,normal,https://www.apple.com/,safe,false,curated_popular_sites
normal_009,normal,https://www.microsoft.com/,safe,false,curated_popular_sites
normal_010,normal,https://www.netflix.com/,safe,false,curated_popular_sites
normal_011,normal,https://www.linkedin.com/,safe,false,curated_popular_sites
normal_012,normal,https://www.github.com/,safe,false,curated_popular_sites
normal_013,normal,https://www.stackoverflow.com/,safe,false,curated_popular_sites
normal_014,normal,https://www.cloudflare.com/,safe,false,curated_popular_sites
normal_015,normal,https://www.mozilla.org/,safe,false,curated_popular_sites
normal_016,normal,https://www.python.org/,safe,false,curated_popular_sites
normal_017,normal,https://www.djangoproject.com/,safe,false,curated_popular_sites
normal_018,normal,https://fastapi.tiangolo.com/,safe,false,curated_popular_sites
normal_019,normal,https://www.postgresql.org/,safe,false,curated_popular_sites
normal_020,normal,https://www.sqlite.org/,safe,false,curated_popular_sites
normal_021,normal,https://www.docker.com/,safe,false,curated_popular_sites
normal_022,normal,https://kubernetes.io/,safe,false,curated_popular_sites
normal_023,normal,https://www.ubuntu.com/,safe,false,curated_popular_sites
normal_024,normal,https://www.debian.org/,safe,false,curated_popular_sites
normal_025,normal,https://www.kernel.org/,safe,false,curated_popular_sites
normal_026,normal,https://www.gnu.org/,safe,false,curated_popular_sites
normal_027,normal,https://www.w3.org/,safe,false,curated_popular_sites
normal_028,normal,https://developer.mozilla.org/,safe,false,curated_popular_sites
normal_029,normal,https://docs.python.org/3/,safe,false,curated_popular_sites
normal_030,normal,https://nodejs.org/,safe,false,curated_popular_sites
normal_031,normal,https://www.npmjs.com/,safe,false,curated_popular_sites
normal_032,normal,https://react.dev/,safe,false,curated_popular_sites
normal_033,normal,https://nextjs.org/,safe,false,curated_popular_sites
normal_034,normal,https://www.typescriptlang.org/,safe,false,curated_popular_sites
normal_035,normal,https://vite.dev/,safe,false,curated_popular_sites
normal_036,normal,https://tailwindcss.com/,safe,false,curated_popular_sites
normal_037,normal,https://www.rust-lang.org/,safe,false,curated_popular_sites
normal_038,normal,https://go.dev/,safe,false,curated_popular_sites
normal_039,normal,https://www.oracle.com/,safe,false,curated_popular_sites
normal_040,normal,https://www.ibm.com/,safe,false,curated_popular_sites
normal_041,normal,https://www.salesforce.com/,safe,false,curated_popular_sites
normal_042,normal,https://www.adobe.com/,safe,false,curated_popular_sites
normal_043,normal,https://www.figma.com/,safe,false,curated_popular_sites
normal_044,normal,https://slack.com/,safe,false,curated_popular_sites
normal_045,normal,https://www.zoom.com/,safe,false,curated_popular_sites
normal_046,normal,https://www.notion.com/,safe,false,curated_popular_sites
normal_047,normal,https://www.dropbox.com/,safe,false,curated_popular_sites
normal_048,normal,https://www.spotify.com/,safe,false,curated_popular_sites
normal_049,normal,https://www.nytimes.com/,safe,false,curated_popular_sites
normal_050,normal,https://www.bbc.com/,safe,false,curated_popular_sites
normal_051,normal,https://www.cnn.com/,safe,false,curated_popular_sites
normal_052,normal,https://www.reuters.com/,safe,false,curated_popular_sites
normal_053,normal,https://apnews.com/,safe,false,curated_popular_sites
normal_054,normal,https://www.nasa.gov/,safe,false,curated_popular_sites
normal_055,normal,https://www.noaa.gov/,safe,false,curated_popular_sites
normal_056,normal,https://www.nih.gov/,safe,false,curated_popular_sites
normal_057,normal,https://www.cdc.gov/,safe,false,curated_popular_sites
normal_058,normal,https://www.fda.gov/,safe,false,curated_popular_sites
normal_059,normal,https://www.ftc.gov/,safe,false,curated_popular_sites
normal_060,normal,https://www.sec.gov/,safe,false,curated_popular_sites
normal_061,normal,https://www.usa.gov/,safe,false,curated_popular_sites
normal_062,normal,https://www.whitehouse.gov/,safe,false,curated_popular_sites
normal_063,normal,https://www.loc.gov/,safe,false,curated_popular_sites
normal_064,normal,https://www.archives.gov/,safe,false,curated_popular_sites
normal_065,normal,https://www.harvard.edu/,safe,false,curated_popular_sites
normal_066,normal,https://www.mit.edu/,safe,false,curated_popular_sites
normal_067,normal,https://www.stanford.edu/,safe,false,curated_popular_sites
normal_068,normal,https://www.berkeley.edu/,safe,false,curated_popular_sites
normal_069,normal,https://www.cmu.edu/,safe,false,curated_popular_sites
normal_070,normal,https://www.ox.ac.uk/,safe,false,curated_popular_sites
normal_071,normal,https://www.cam.ac.uk/,safe,false,curated_popular_sites
normal_072,normal,https://www.ethz.ch/,safe,false,curated_popular_sites
normal_073,normal,https://www.kaist.ac.kr/,safe,false,curated_popular_sites
normal_074,normal,https://www.snu.ac.kr/,safe,false,curated_popular_sites
normal_075,normal,https://www.yonsei.ac.kr/,safe,false,curated_popular_sites
normal_076,normal,https://www.korea.ac.kr/,safe,false,curated_popular_sites
normal_077,normal,https://www.naver.com/,safe,false,curated_popular_sites
normal_078,normal,https://www.kakao.com/,safe,false,curated_popular_sites
normal_079,normal,https://www.samsung.com/,safe,false,curated_popular_sites
normal_080,normal,https://www.lg.com/,safe,false,curated_popular_sites
normal_081,normal,https://www.hyundai.com/,safe,false,curated_popular_sites
normal_082,normal,https://www.kia.com/,safe,false,curated_popular_sites
normal_083,normal,https://www.sk.com/,safe,false,curated_popular_sites
normal_084,normal,https://www.coupang.com/,safe,false,curated_popular_sites
normal_085,normal,https://www.11st.co.kr/,safe,false,curated_popular_sites
normal_086,normal,https://www.gmarket.co.kr/,safe,false,curated_popular_sites
normal_087,normal,https://www.auction.co.kr/,safe,false,curated_popular_sites
normal_088,normal,https://www.interpark.com/,safe,false,curated_popular_sites
normal_089,normal,https://www.korail.com/,safe,false,curated_popular_sites
normal_090,normal,https://www.weather.go.kr/,safe,false,curated_popular_sites
normal_091,normal,https://www.mois.go.kr/,safe,false,curated_popular_sites
normal_092,normal,https://www.kisa.or.kr/,safe,false,curated_popular_sites
normal_093,normal,https://www.krcert.or.kr/,safe,false,curated_popular_sites
normal_094,normal,https://www.police.go.kr/,safe,false,curated_popular_sites
normal_095,normal,https://www.kbfg.com/,safe,false,curated_popular_sites
normal_096,normal,https://www.shinhan.com/,safe,false,curated_popular_sites
normal_097,normal,https://www.wooribank.com/,safe,false,curated_popular_sites
normal_098,normal,https://www.hanabank.com/,safe,false,curated_popular_sites
normal_099,normal,https://www.nhis.or.kr/,safe,false,curated_popular_sites
normal_100,normal,https://www.gov.kr/,safe,false,curated_popular_sites
openphish_001,openphish_malicious,https://www.robiox.com.py/users/209515475456/profile,malicious,true,OpenPhish
openphish_002,openphish_malicious,http://info-resmi699.blogspot.com/?m=1,malicious,true,OpenPhish
openphish_003,openphish_malicious,http://1615666111.com/,malicious,true,OpenPhish
openphish_004,openphish_malicious,http://1615666999.com/,malicious,true,OpenPhish
openphish_005,openphish_malicious,https://info-resmi079.blogspot.com/,malicious,true,OpenPhish
openphish_006,openphish_malicious,https://roblox.com.ug/communities/2164381119/,malicious,true,OpenPhish
openphish_007,openphish_malicious,https://roblox.com.bz/communities/4559625693/,malicious,true,OpenPhish
openphish_008,openphish_malicious,https://q-r.to/bgq6Pa,malicious,true,OpenPhish
openphish_009,openphish_malicious,https://l.ead.me/bgq6Pa,malicious,true,OpenPhish
openphish_010,openphish_malicious,https://svteamconmmunity.com/gift/72503,malicious,true,OpenPhish
openphish_011,openphish_malicious,https://www.runten8126.vip/,malicious,true,OpenPhish
openphish_012,openphish_malicious,https://www.ruten888.vip/,malicious,true,OpenPhish
openphish_013,openphish_malicious,https://www.r.oblox.com.et/communities/9760890242/OsaragiPlays-Official-Fan-Group-TRE,malicious,true,OpenPhish
openphish_014,openphish_malicious,https://m-facebooks.vn/dangky-thong-tin-tuyen-ctv?a,malicious,true,OpenPhish
openphish_015,openphish_malicious,https://www.chkfortnite.cfd/,malicious,true,OpenPhish
openphish_016,openphish_malicious,https://www.roblox.com.bi/games/99205951663862/Squid-Game-Season-3-Jump-Rope-BACK-AND-BETTER?privateServerLinkCode=35976373059471016383959043181064&game_id=99205951663862&game_name=Squid-Game-Season-3-Jump-Rope-BACK-AND-BETTER,malicious,true,OpenPhish
openphish_017,openphish_malicious,https://www.roblox.com.bi/games/130733429041738/NEW-Squabble-Game-RP?privateServerLinkCode=35976373059471016383959043181064&game_id=130733429041738&game_name=NEW-Squabble-Game-RP,malicious,true,OpenPhish
openphish_018,openphish_malicious,http://calorie.electricbrae.info/ga/click/2-17716069-34-8549-16720-9190-60746545c2-4eec81fa06,malicious,true,OpenPhish
openphish_019,openphish_malicious,https://instagramdefrancisco.blogspot.com/2024/09/instagram.html,malicious,true,OpenPhish
openphish_020,openphish_malicious,http://www.15682.xyz/,malicious,true,OpenPhish
openphish_021,openphish_malicious,http://www.15674.xyz/,malicious,true,OpenPhish
openphish_022,openphish_malicious,https://mvagusta.vn/,malicious,true,OpenPhish
openphish_023,openphish_malicious,https://dpd.jplnzwq.cfd/com,malicious,true,OpenPhish
openphish_024,openphish_malicious,https://dpd.tnqrzpl.cfd/com,malicious,true,OpenPhish
openphish_025,openphish_malicious,https://dpd.fqplwrq.cfd/com,malicious,true,OpenPhish
openphish_026,openphish_malicious,https://dpd.gnzwrpl.cfd/com,malicious,true,OpenPhish
openphish_027,openphish_malicious,https://dpd.kzwplxn.cfd/com,malicious,true,OpenPhish
openphish_028,openphish_malicious,https://dpd.czqplwn.cfd/com,malicious,true,OpenPhish
openphish_029,openphish_malicious,https://dpd.rqtxmvp.cfd/com,malicious,true,OpenPhish
openphish_030,openphish_malicious,https://dpd.kzwrplq.cfd/com,malicious,true,OpenPhish
openphish_031,openphish_malicious,https://dpd.gqtmwrp.cfd/com,malicious,true,OpenPhish
openphish_032,openphish_malicious,https://dpd.gnwzrqp.cfd/com,malicious,true,OpenPhish
openphish_033,openphish_malicious,https://dpd.tnplzrq.cfd/com,malicious,true,OpenPhish
openphish_034,openphish_malicious,https://dpd.jplwnzq.cfd/com,malicious,true,OpenPhish
openphish_035,openphish_malicious,https://dpd.cxmvprt.cfd/com,malicious,true,OpenPhish
openphish_036,openphish_malicious,http://nimra13045.github.io/movie-ui-project,malicious,true,OpenPhish
openphish_037,openphish_malicious,https://dpd.hvzplqn.cfd/com,malicious,true,OpenPhish
openphish_038,openphish_malicious,https://dpd.czplnwr.cfd/com,malicious,true,OpenPhish
openphish_039,openphish_malicious,https://dpd.pnzqwrl.cfd/com,malicious,true,OpenPhish
openphish_040,openphish_malicious,https://dpd.rqzmtvp.cfd/com,malicious,true,OpenPhish
openphish_041,openphish_malicious,https://dpd.fqznplr.cfd/com,malicious,true,OpenPhish
openphish_042,openphish_malicious,https://dpd.mtrxqvp.cfd/com,malicious,true,OpenPhish
openphish_043,openphish_malicious,https://dpd.hvxqtrp.cfd/com,malicious,true,OpenPhish
openphish_044,openphish_malicious,https://dpd.gnwrqpl.cfd/com,malicious,true,OpenPhish
openphish_045,openphish_malicious,https://dpd.bzrnpwl.cfd/com,malicious,true,OpenPhish
openphish_046,openphish_malicious,https://dpd.hvplzqt.cfd/com,malicious,true,OpenPhish
openphish_047,openphish_malicious,https://dpd.qmvxtrz.cfd/com,malicious,true,OpenPhish
openphish_048,openphish_malicious,https://dpd.rqtxmvl.cfd/com,malicious,true,OpenPhish
openphish_049,openphish_malicious,https://dpd.jplnqwr.cfd/com,malicious,true,OpenPhish
openphish_050,openphish_malicious,https://dpd.kznwplt.cfd/com,malicious,true,OpenPhish
openphish_051,openphish_malicious,https://dpd.tnqzpvr.cfd/com,malicious,true,OpenPhish
openphish_052,openphish_malicious,https://dpd.tnvplkq.cfd/com,malicious,true,OpenPhish
openphish_053,openphish_malicious,https://dpd.qmrvlpx.cfd/com,malicious,true,OpenPhish
openphish_054,openphish_malicious,https://dpd.bvnrqzp.cfd/com,malicious,true,OpenPhish
openphish_055,openphish_malicious,https://dpd.kpmxqvt.cfd/com,malicious,true,OpenPhish
openphish_056,openphish_malicious,https://dpd.kznxplt.cfd/com,malicious,true,OpenPhish
openphish_057,openphish_malicious,https://dpd.jplwnqr.cfd/com,malicious,true,OpenPhish
openphish_058,openphish_malicious,https://dpd.hvplqzr.cfd/com,malicious,true,OpenPhish
openphish_059,openphish_malicious,https://dpd.hjvqtrp.cfd/com,malicious,true,OpenPhish
openphish_060,openphish_malicious,https://dpd.tmqvzxl.cfd/com,malicious,true,OpenPhish
openphish_061,openphish_malicious,https://dpd.rqznwqk.cfd/com,malicious,true,OpenPhish
openphish_062,openphish_malicious,https://dpd.hvxptrq.cfd/com,malicious,true,OpenPhish
openphish_063,openphish_malicious,https://dpd.mxtrqvp.cfd/com,malicious,true,OpenPhish
openphish_064,openphish_malicious,https://dpd.fxqmtvl.cfd/com,malicious,true,OpenPhish
openphish_065,openphish_malicious,https://dpd.jxtrmql.cfd/com,malicious,true,OpenPhish
openphish_066,openphish_malicious,http://princesleonorvipwebsitesreal.blogspot.com/,malicious,true,OpenPhish
openphish_067,openphish_malicious,https://www.roblox.com.ml/users/107862764708/profile,malicious,true,OpenPhish
openphish_068,openphish_malicious,https://submit-verify-lifetime-blue.surge.sh/,malicious,true,OpenPhish
openphish_069,openphish_malicious,https://www.submit-verify-lifetime-blue.surge.sh/,malicious,true,OpenPhish
openphish_070,openphish_malicious,http://xznewdnaa-indocostmer.xoxoiuh.biz.id/,malicious,true,OpenPhish
openphish_071,openphish_malicious,http://dna-formnindonesia.xoxoiuh.biz.id/,malicious,true,OpenPhish
openphish_072,openphish_malicious,https://kishwar18k.github.io/amazon-clone/,malicious,true,OpenPhish
openphish_073,openphish_malicious,http://steamspark.live/,malicious,true,OpenPhish
openphish_074,openphish_malicious,https://3jme-sz3p-86sg.dan-dalkedesigngroup-com-s-account.workers.dev/a469a486a391ead9?email=aexample.com?email=lorossys@5c4df2604030431b0f357145020af68b4d7c.com,malicious,true,OpenPhish
openphish_075,openphish_malicious,https://bwvmnyx.cn/,malicious,true,OpenPhish
openphish_076,openphish_malicious,http://tregar-io-start-us.wasmer.app/,malicious,true,OpenPhish
openphish_077,openphish_malicious,http://game-mall.shop/,malicious,true,OpenPhish
openphish_078,openphish_malicious,http://poubgmobiles.officiall-events.com/,malicious,true,OpenPhish
openphish_079,openphish_malicious,http://effortless-unicorn-56ea7a.netlify.app/,malicious,true,OpenPhish
openphish_080,openphish_malicious,http://aitptest.com/?rid=nsqfVze,malicious,true,OpenPhish
openphish_081,openphish_malicious,http://sp1ct6-drurnix-biz-slortek-fronlax.pages.dev/,malicious,true,OpenPhish
openphish_082,openphish_malicious,http://sp1ct6-trapnex-biz-drurnik-slavtor.pages.dev/,malicious,true,OpenPhish
openphish_083,openphish_malicious,https://www.ghotkshop.com/h5/index.html,malicious,true,OpenPhish
openphish_084,openphish_malicious,https://www.ghotkshop.com/,malicious,true,OpenPhish
openphish_085,openphish_malicious,https://www.robiox.com.py/users/374686115543/profile,malicious,true,OpenPhish
openphish_086,openphish_malicious,https://black-brook-8ab7.5a73cbc5.workers.dev/,malicious,true,OpenPhish
openphish_087,openphish_malicious,https://www.bet365.casinologinonline.com/,malicious,true,OpenPhish
openphish_088,openphish_malicious,http://ww1.citibankonlline.com/?dmn=citibankonlline.com,malicious,true,OpenPhish
openphish_089,openphish_malicious,https://old.citiretailservices.citibankonlline.com/?ch=1&js=eyJhbGciOiJIUzI1NiIsInR5cCI6IkpXVCJ9.eyJhdWQiOiJKb2tlbiIsImV4cCI6MTc4MDE3NzczMSwiaWF0IjoxNzgwMTcwNTMxLCJpc3MiOiJKb2tlbiIsImpzIjoxLCJqdGkiOiIzMnE2dmFsNnA3YXFxdWxlNjA0M200c2IiLCJuYmYiOjE3ODAxNzA1MzEsInRzIjoxNzgwMTcwNTMxNDUxNTA1fQ.YBCwjR1XkVWNlbNslSqmmgyrhmhxbsDeVazDUF05bU0&sid=952c0e83-5c60-11f1-b2cb-fd3843c9d333,malicious,true,OpenPhish
openphish_090,openphish_malicious,http://accountrogershop.com/,malicious,true,OpenPhish
openphish_091,openphish_malicious,https://www.roblox.com.bi/games/94117165224282/Escape-Tsunami-for-Dandy-QQL?privateServerLinkCode=35976373059471016383959043181064&game_id=94117165224282&game_name=Escape-Tsunami-for-Dandy-QQL,malicious,true,OpenPhish
openphish_092,openphish_malicious,https://roblovx.cam/charts,malicious,true,OpenPhish
openphish_093,openphish_malicious,https://uniswap-azure.vercel.app/explore/pools,malicious,true,OpenPhish
openphish_094,openphish_malicious,http://zttgroulp.com/sos/wmalln.html,malicious,true,OpenPhish
openphish_095,openphish_malicious,http://hexbroz.com/goffy,malicious,true,OpenPhish
openphish_096,openphish_malicious,https://robiox.com.py/users/463005489273/profile,malicious,true,OpenPhish
openphish_097,openphish_malicious,http://hk.uat.mizuhoscfglobal.com/,malicious,true,OpenPhish
openphish_098,openphish_malicious,https://pt-shopee0002.blogspot.com/?m=1,malicious,true,OpenPhish
openphish_099,openphish_malicious,http://www.pt-shopee0002.blogspot.com/?m=1,malicious,true,OpenPhish
openphish_100,openphish_malicious,https://www.robiox.com.gr/users/1062443811/profile,malicious,true,OpenPhish
corpus_mju_sso_benign,custom_corpus,http://127.0.0.1:4177/corpus/mju-sso-benign,safe,false,local_corpus_via_public_tunnel
corpus_naver_login_phish,custom_corpus,http://127.0.0.1:4177/corpus/naver-login-phish,malicious,true,local_corpus_via_public_tunnel
corpus_nhis_subsidy_phish,custom_corpus,http://127.0.0.1:4177/corpus/nhis-subsidy-phish,malicious,true,local_corpus_via_public_tunnel
corpus_kakao_apk_lure,custom_corpus,http://127.0.0.1:4177/corpus/kakao-apk-lure,malicious,true,local_corpus_via_public_tunnel
corpus_meta_refresh_phish,custom_corpus,http://127.0.0.1:4177/corpus/meta-refresh-phish,malicious,true,local_corpus_via_public_tunnel
dga_001,dga,http://xj3kq9vbnm2p7zla.com/login,malicious,true,synthetic_dga
dga_002,dga,http://qwe8zxc9vbn7mnb5.org/update,malicious,true,synthetic_dga
dga_003,dga,http://m9n8b7v6c5x4z3l2.net/pay,malicious,true,synthetic_dga
dga_004,dga,http://p0q9w8e7r6t5y4u3.biz/verify,malicious,true,synthetic_dga
dga_005,dga,http://zzxqvbnmlkjhgfdsa.top/session,malicious,true,synthetic_dga
url_string_001,suspicious_url_string,https://google.com@evil-login.example.com/session,malicious,true,synthetic_url_string
url_string_002,suspicious_url_string,http://192.0.2.44/account/verify,malicious,true,synthetic_url_string
url_string_003,suspicious_url_string,https://example.com/redirect?url=http://evil.example.net/login,malicious,true,synthetic_url_string
url_string_004,suspicious_url_string,http://xn--pple-43d.com/security,malicious,true,synthetic_url_string
url_string_005,suspicious_url_string,http://account-secure-login-update-verify-paypal-example.com/,malicious,true,synthetic_url_string
httpbin_redirect_001,httpbin_redirect_chain,https://httpbin.org/redirect/1,safe,false,httpbin.org
httpbin_redirect_002,httpbin_redirect_chain,https://httpbin.org/relative-redirect/2,safe,false,httpbin.org
httpbin_redirect_003,httpbin_redirect_chain,https://httpbin.org/absolute-redirect/3,safe,false,httpbin.org
httpbin_redirect_004,httpbin_redirect_chain,https://httpbin.org/redirect-to?url=https%3A%2F%2Fexample.com%2F&status_code=302,safe,false,httpbin.org
httpbin_redirect_005,httpbin_redirect_chain,https://httpbin.org/redirect-to?url=https%3A%2F%2Fwww.python.org%2F&status_code=301,safe,false,httpbin.org
